{
	"class_name" : "PinholeCameraParameters",
	"extrinsic" : 
	[
		0.76239913059926834,
		-0.422274821893041,
		0.49033818988192268,
		0.0,
		-0.54132130094127906,
		-0.00099240450767756894,
		0.8408152378974435,
		0.0,
		-0.35456849099817256,
		-0.90646731321570218,
		-0.22934296427574399,
		0.0,
		1550.6223360557265,
		197.24908733414611,
		336.92784140962624,
		1.0
	],
	"intrinsic" : 
	{
		"height" : 800,
		"intrinsic_matrix" : 
		[
			692.82032302755101,
			0.0,
			0.0,
			0.0,
			692.82032302755101,
			0.0,
			499.5,
			399.5,
			1.0
		],
		"width" : 1000
	},
	"version_major" : 1,
	"version_minor" : 0
}