{
	"class_name" : "PinholeCameraParameters",
	"extrinsic" : 
	[
		0.78518600604290978,
		-0.4688467948733368,
		0.4045560762754441,
		0.0,
		-0.61432912235314374,
		-0.67201447960085037,
		0.41351695084435719,
		0.0,
		0.077991444038432445,
		-0.57321830234544802,
		-0.81568260525341763,
		0.0,
		1416.8243739322577,
		908.62300697364822,
		1063.1264987715035,
		1.0
	],
	"intrinsic" : 
	{
		"height" : 800,
		"intrinsic_matrix" : 
		[
			692.82032302755101,
			0.0,
			0.0,
			0.0,
			692.82032302755101,
			0.0,
			499.5,
			399.5,
			1.0
		],
		"width" : 1000
	},
	"version_major" : 1,
	"version_minor" : 0
}