{
	"class_name" : "PinholeCameraParameters",
	"extrinsic" : 
	[
		0.9318274229773803,
		0.13596883735278759,
		0.33646712923592631,
		0.0,
		-0.11220763967397515,
		-0.77377639843160384,
		0.62344168197916616,
		0.0,
		0.34511896410676968,
		-0.6186942382947711,
		-0.70576932500266887,
		0.0,
		-99.955305083966053,
		19.548374439392845,
		238.32491328079061,
		1.0
	],
	"intrinsic" : 
	{
		"height" : 800,
		"intrinsic_matrix" : 
		[
			692.82032302755101,
			0.0,
			0.0,
			0.0,
			692.82032302755101,
			0.0,
			499.5,
			399.5,
			1.0
		],
		"width" : 1000
	},
	"version_major" : 1,
	"version_minor" : 0
}