{
	"class_name" : "PinholeCameraParameters",
	"extrinsic" : 
	[
		-0.52712759467998116,
		0.1018139890505111,
		-0.84366486863002665,
		0.0,
		-0.74340824420839058,
		0.4257121323526159,
		0.51586176715355336,
		0.0,
		0.41168031452802739,
		0.89911239119556752,
		-0.14871525351722745,
		0.0,
		0.50975601716479924,
		0.041024562238211618,
		2.4917203707816649,
		1.0
	],
	"intrinsic" : 
	{
		"height" : 800,
		"intrinsic_matrix" : 
		[
			692.82032302755101,
			0.0,
			0.0,
			0.0,
			692.82032302755101,
			0.0,
			499.5,
			399.5,
			1.0
		],
		"width" : 1000
	},
	"version_major" : 1,
	"version_minor" : 0
}